{"N": 5, "Ls": [0, 1, 2, 3, 4, 5, 6, 7, 8, 9, 10, 11, 12, 13, 14, 15, 16, 17, 18, 19, 20, 21, 22, 23, 24, 25], "Nsamples": 4, "last L": 25, "data": [[1.0, 1.0, 1.0, 1.0], [0.9744281742713349, 0.9984295907119448, 0.9224009978853532, 0.8558862685567574], [-0.1287112764915464, 0.7964958292740705, 0.08802699466520682, 0.3168908768695403], [0.1733638761519628, -0.09626813356453015, -0.1547468337228717, 0.6416747221769643], [-0.35687295438202254, -0.023032769383484242, 0.2271958761599756, -0.08644018574666282], [0.02596047809796782, 0.11989606708599654, 0.0387757256592047, 0.2104441471039713], [0.1217728151530714, 0.11590961282388033, 0.05221683201073471, 0.28587662359150656], [-0.13151782957657426, 0.1225492952410746, -0.060575762345966774, 0.1606160653700457], [-0.10704000096525244, 0.1028929492178947, 0.07020650808028506, 0.126558827817645], [-0.15415040521588685, -0.06841501929435195, -0.12196443689053639, 0.24933183957653837], [0.006193960706295951, 0.14581464693834528, -0.15606956282332815, 0.0033841959173639318], [-0.19818886829249305, -0.14001740116829287, 0.14411255927833183, 0.24260056590515836], [0.11022677421642685, 0.009393316566325822, -0.04081385344010159, 0.20024699699395795], [-0.0730595628039656, -0.09170321952933765, -0.3132509835484535, -0.051461438292662705], [-0.017372771100316212, -0.07902111991875839, -0.2548631631567895, 0.053088541654765356], [0.0943122666797698, -0.25785714226573514, 0.23568844730489047, -0.040824496337155944], [-0.1444106576160993, 0.22224605645622836, 0.14225486238231058, -0.07215377443085642], [-0.11264593298428745, 0.11922800758532501, -0.1359103394416917, 0.008032682850661617], [0.13221504947161616, -0.23755919288562743, 0.14825902016671655, -0.14204443344348835], [0.011055887752627544, -0.29235318212052713, 0.07408883197974975, -0.16041228717909328], [-0.0989302111837724, 0.39449856747204165, 0.07459538926008433, 0.19542857360354476], [-0.03149955028079257, -0.14634784108077137, -0.08499638772518817, -0.22308835331102903], [0.04819844505941013, -0.022996250807134393, 0.0011824376212191709, 0.3010477927990106], [0.0029529046061946562, -0.31838508171714663, -0.0012893425662946194, 0.032436088119033764], [-0.17581294505657946, -0.18088174841369395, 0.1740151049093344, -0.049000577556769044], [-0.008489132812896046, -0.0739999104047938, -0.32241076018553366, -0.14173601355980275]]}