{"N": 4, "Ls": [0, 1, 2, 3, 4, 5, 6, 7, 8, 9, 10, 11, 12, 13, 14, 15, 16], "Nsamples": 4, "last L": 16, "data": [[1.0, 1.0, 1.0, 1.0], [0.8936568756393304, 0.9095453830582468, 0.5099614484822801, 0.20016523153157093], [0.01316829010231682, 0.9710829294503198, 0.13678883801976943, 0.9335748647039727], [0.5489744059747247, 0.564863451560139, 0.7463262232348231, 0.3883009510423198], [-0.05102973490854737, 0.03489121731432353, 0.39287880520065555, 0.2000542588946539], [0.5885439192196326, 0.5750518305847104, -0.25522872018126874, 0.08259384640838704], [0.05700810366288654, 0.08525739640553774, 0.19933159091413857, -0.24464911691588292], [-0.10962928782935293, 0.29295994741215026, 0.22626093694584307, 0.015593184291633366], [0.43927592493705003, 0.34408183505120743, -0.058508438584630465, 0.25692990612613925], [0.5076153532613704, 0.32223523373286833, 0.35713027053278146, 0.13296973569807274], [0.48986948949334896, 0.31794182987009306, -0.08681527848473677, -0.09806568132563481], [-0.09519731486892052, 0.10156372211723011, 0.09540845711554913, 0.3764183404438777], [-0.14131420190248173, 0.4045001935730651, 0.43633685754469476, -0.41527945286539175], [-0.13166281116353806, 0.1644725395140204, -0.08412532393327986, 0.15663400042136041], [-0.11360100950122304, 0.2724781317652393, 0.07398288025930667, -0.05961312000245163], [-0.24631081023645923, -0.021176628877819247, -0.13717735546103155, 0.17230281627107452], [0.1944267761570903, -0.09333018545228002, -0.026608659998272024, -0.4593230794535519]]}