{"N": 5, "Ls": [0, 1, 2, 3, 4, 5, 6, 7, 8, 9, 10, 11, 12, 13, 14, 15, 16], "Nsamples": 4, "last L": 16, "data": [[1.0, 1.0, 1.0, 1.0], [0.5856567098532985, 0.7649446204046497, 0.7397148495264787, 0.8339548206857501], [0.23218936470345786, 0.34271733682975053, -0.011764021120186584, 0.5101097752018325], [0.5697123059195407, 0.357193337111303, 0.7448689969119189, 0.22076148827996564], [0.14828249635983445, 0.107793492545879, 0.05478612934358029, -0.047155333581124954], [0.1099774451079174, 0.12842966122017685, 0.4153932506481462, 0.2177100128406082], [-0.10742138772656057, -0.09877250294521596, -0.0534243376915899, 0.10840953119300772], [0.0454582905617361, -0.06103281928271465, 0.05048601357428546, -0.09025595929232627], [0.15708120708788179, 0.37719439506045005, -0.023098119706363437, -0.07294968181174626], [0.021001135981655213, -0.06397972528224173, 0.33978687077901054, 0.24590085299519437], [0.05941107629658239, -0.06755104769218268, 0.08553162448494445, -0.1403760139196767], [0.045374862117910544, -0.08052345126467009, -0.22470048357595768, -0.15957842113457377], [0.035408528714502396, -0.11124985702156631, 0.16297511670029954, -0.05144922657455654], [-0.2771588387826603, 0.13640320637288897, 0.05539489087155711, 0.1873850318436636], [-0.16711383208883562, 0.11384525537229742, 0.04767258759045402, -0.024230889491831727], [-0.3972752217582833, -0.16936841297938507, -0.0597769288654641, -0.023994579948421357], [-0.02820751314692537, -0.05680925382896771, -0.047871568204512376, -0.23694596100259369]]}