{"N": 4, "L": 16, "Nsamples": 1000, "Ks": [36.684963414809616, 93.19831947006219, 7937.8807472459785, 665.9013495377567, 8.531092695440439, 50.0488169074476, 2435.794786783694, 233.17279746828618, 355.9092956812615, 64.42052363259572, 338.3170628586995, 95.46744094889198, 70.21785495532669, 164.09868285665095, 87460.75455521919, 26.8046391557767, 83.19527412758069, 322082.5085715758, 4.567472202825979, 3700.199440843809, 251.9455816559973, 170.15820765066258, 1364.1382513578458, 248.41398123077926, 50.09225585418081, 25.615888423714626, 4.146686653348018, 104.24904619122849, 35241.32498982575, 74.32359690564209, 32.590098721536485, 137.04362318778166, 5242.029787883301, 97.85310297544783, 1685.8246298936222, 97.69746569802875, 111.35173506583037, 10.782653102075939, 15733545.399041556, 14182951.33461886, 548.4808264804038, 6925.88797566245, 42.65688716997069, 67.85998957906699, 35719.06983845953, 1469.8368572048632, 5354.5655990138985, 624.8724928768802, 120.82143769539117, 2.9083346389305262, 305.8286952861541, 281.72880346913587, 91.55149868114945, 40.88949426175664, 690.7757150369184, 247.00814996662274, 23.764754867902546, 87.23931496184538, 6.123575418583736, 12.2078298032905, 222.31602361006625, 1.4108550450345658, 73.42004382614964, 507.6483612762847, 964.0847720388743, 44.818146956528274, 35.699141814106106, 6163.997952784843, 141.51481550633451, 8.021760049500536, 28524.47954731898, 533.4381013856273, 125.05588081711406, 53.04946384471417, 296.1939426201056, 52.8303634753628, 1.9861172998255139, 758.4950471850809, 1304.017238071411, 87.84755769029736, 2.2832524462367063, 3570.556858674291, 105.03188035908072, 44.05441897157593, 4442.776448118982, 240.018964844145, 7234.847990304537, 1382.1049113316258, 130.6905540406729, 12.029736649970413, 327.3694254191223, 4.309625112415424, 26.92107950931983, 65.52389677381663, 116.0195482393451, 367.7053700217285, 936.7698926017861, 13.644186993807894, 490.4204054824776, 1311.8486047647784, 29.783912801977824, 53.85636201549731, 33.07793658797278, 33074.51694883772, 186.23108705939083, 540.1417683802985, 1043.001756842263, 27.27971579926011, 400.7765323254688, 1402.6624730792473, 1440.5990817469042, 29.88786334390983, 4949.375152524876, 1601.8125240758484, 7400.548960623978, 58.28597746926427, 4.031708860521532, 972.2243661448641, 3.5564647469565243, 204.588166754379, 3.7607067039038196, 58.24302830648883, 111.38061549579876, 70.92847060361169, 62369.63616877803, 100.09905043711821, 20484.415351987038, 47.21145358335487, 212.74456889560446, 65.22607713155703, 5.594814482968469, 41.50107053991019, 506.2803122100531, 35.44180039435335, 247.91370921679112, 28.468655352310186, 1675.9674398326129, 13.769495124971908, 589342729.1992948, 193.7612711077178, 82.45415871545949, 2154.2986332939095, 1428819.2594459797, 633.0933222868433, 63.55417638565164, 7484.842254142926, 560.3825218644062, 127.00498141950642, 1254.6165613550966, 82617.70526691325, 647.3461636511533, 1927.1797124906022, 191.30948985083074, 157.24772253112798, 2600.906877871693, 3215.314116063429, 49504.399040014425, 265.11637262631314, 1414.8960837213901, 39.06562127336139, 873.1846507105098, 33.597240862980804, 36.444962509943274, 5528.489071597228, 2971.5626047910278, 108.23872718390412, 11007.396216754682, 1046.9287020921445, 156.9471906955138, 45.93221476150077, 9093.143427029032, 78.45075982884279, 240.5055100578045, 112903.53990622767, 4207.729170433213, 6357.922364141408, 9.338083906772212, 506.76746656993646, 23.953234586742365, 173.7690005198838, 37.836966601489664, 169322.3616294484, 279.82255861467155, 297.449587729963, 72.9626913999597, 166.3260534038379, 11.16263214900685, 177.6472950025135, 123.20876208148465, 198.0274574816771, 375.542272159598, 263.3644937687421, 33.1479251915449, 280.3388853729614, 134.72466856421462, 0.2774064932075195, 40.06746277779482, 244.75344528530525, 1346.033300855965, 52.69568750316249, 215.1361689190055, 326.45358271547883, 63676.385386612004, 305.4156316556565, 7363.92203929856, 985.3725123376988, 493.3285403772463, 72.09802310953236, 219.45580526541397, 9.668461544492562, 242.1321739737905, 227.85022675048108, 18.420024933493202, 49.306798566099225, 12525.972226841628, 12.839022486448599, 184.2144380872208, 119887.23304261465, 12.71040371439492, 22.855960838562126, 405.99163604689494, 1547.8988953262415, 824.7676840010486, 20620.650028967597, 3277.6925281318186, 360.3545443003497, 47.14995937185815, 12108.495636148753, 78.73168112598297, 842.2813604210905, 191.24878371984897, 64.52872196399743, 38999.18034266457, 69.27940216004943, 549.467811215365, 59.824430659634466, 34.422954564550075, 181.21800476196688, 455.4372088347334, 538.882556767632, 22.083825713283918, 10.26130650611565, 51.07075776898586, 190.3782595856732, 457.68752067002936, 35.28282659440925, 247.82104197153342, 37.26241975225728, 444.78715520525117, 37.05752007174778, 177.33008156059657, 3914.097021628652, 4643.759148173662, 19612.644662357034, 1541.7175624848596, 35.88870871514909, 2375.0343223299133, 54.52027149074887, 42.93869352605628, 396.1265991439458, 424.8103656880622, 3.1837151652635294, 1413.1280308172772, 2670.8545299216526, 70.45533513661532, 354.6020829095164, 120.02715893162801, 6162.127336240241, 876.9605357566545, 39.07922442967779, 6208.626732609715, 195280.80938346713, 19.791587282878766, 637.1091736513347, 445.6177611544193, 238.06068858109154, 32.04518299887067, 186.4517634176386, 90.04222682516443, 483.9629733875423, 2.398402294090653, 607.74051706302, 61.21872988118204, 4420695.179053417, 5.195334919309373, 2562.002703706372, 69.52593082104735, 28.236949953423014, 102.49029521979932, 16.251247116620224, 244.5433307123471, 435.2376916772479, 35.96542467026212, 299.92000335675783, 79.80162813957911, 42.743351509572136, 970.0653229823813, 1245.404077448563, 14678.1901096357, 68.40252964064162, 9.043316112466346, 731.0343903203133, 166.88572948851856, 44.35676615002448, 26.380430128193964, 15.986650399954023, 162.84886818994374, 16.91205633720616, 46.395245494561145, 146.70210831372182, 211.86739894981787, 99.64514624124827, 289.7746600420773, 1348.9981059378513, 179518.62002270762, 1304.6532997091517, 252.98732941553135, 299.29257492315446, 10.054417907449398, 751983.1015857009, 178.64967980937024, 54.70637067832063, 1109.850170834267, 12507.1836043777, 51.945420362260855, 195.09677148885822, 12.517452184499124, 5147.9620467768145, 143.03531087475898, 8.567946035725623, 98.30145470181333, 250.78111571093288, 0.42717177025786474, 164.70910701800182, 1521.1301928890293, 140.03935271735563, 90.8077071888072, 145.88665508488907, 2529.8977749652145, 40.37099054913995, 552.7075978755518, 5.339109300591099, 276.20229205025475, 5.204044603473051, 69.16123644559757, 517.0134864326438, 1.4887984661405644, 10907.301161829255, 4582.703982777166, 1365.8164059524463, 0.3462402069075423, 7901.916695598142, 3.6093219740958276, 1338.2755904418473, 3360.6639034987566, 47.22969661309211, 102.7833414091641, 220.69728817911277, 10.859193118161858, 244544.26572537643, 911.5542682391556, 1.5651720696710951, 9673.181641564788, 196.81069270401417, 74.1718323370758, 328.62971555315806, 54.44464795670202, 7.001108879413945, 18.15151903354475, 2.4303837181871226, 186.2614852484228, 231.70959463637303, 71.9790025613439, 1365.8757014235819, 1966.3475943751907, 852.2016010097668, 394.83760258004645, 357.2377194785836, 2463.933554407044, 74.54562663478119, 2562.4660786240383, 168.00857501351118, 115.73484819169823, 1.9432293461149162, 661.7541369289662, 66.6572706870953, 692.1983423328584, 63.56104259732806, 24.46228169290934, 376.9301728366836, 2409.199239308482, 82.93988301756016, 1375.7817465107146, 354.3552771267991, 4529.365778488573, 144.3084313756103, 6686.589700837721, 8.946468258800866, 53.18420867375015, 11214.540577789936, 3097.9683465916005, 28.311299594116516, 1507.3625274300593, 7.734398858711258, 37301.890855690945, 29814362.21359063, 54.76867447854594, 458.0567526400288, 164.16543446524238, 35.040300058187775, 