{"N": 4, "L": 16, "Nsamples": 1000, "Ntrials": 1, "Ks": [[21.269164537578938, 24.642459653200376, 30.522161008916044, 9.682325717398173, 14.917018325756525, 11.31821002136346, 27.2318145347343, 5.242336816395302, 19.151432830141708, 21.351806675847072, 9.593188715432728, 24.89206679887588, 21.062036280455843, 13.205270355877472, 41.48068375865109, 17.072220369265608, 29.54020350893787, 14.082537375483755, 21.879231388280886, 11.351840737574692, 13.13417040220364, 21.830218739873267, 12.41487810896601, 21.182657077533943, 10.74976541314962, 22.232353110775076, 31.664918035448906, 6.665689360022894, 9.180786050675982, 12.314930774605761, 15.501575232508014, 12.530923878198298, 15.69930368735846, 17.95489445690392, 18.47674100910295, 19.871016734788917, 6.251537355686958, 6.055355609816093, 5.9083649928705, 32.628024771624005, 20.031478295434212, 7.27147910778163, 10.44047618250637, 22.853423779960618, 11.461040684576819, 17.003079633941063, 22.016697808515275, 11.744489489273981, 14.698251614083446, 32.39659115315308, 13.020829294905276, 37.05348641185368, 13.022027170867762, 18.989401010319828, 10.997230176330419, 15.829149505147917, 17.137226269768785, 16.826105762172073, 18.652578950346108, 6.26125400527385, 12.932520052691116, 13.37184024941744, 13.95669557473459, 17.50981008006709, 26.82622207179533, 8.87954235282826, 19.270742264917978, 22.202502375553372, 6.818687296030283, 14.800118554458411, 17.731275583935584, 17.68887357906019, 16.545321484987006, 14.33111931901762, 26.46945955667853, 32.04770302969745, 18.10575126154047, 20.621805568291077, 29.50904828242421, 19.69979951858873, 23.399089546256832, 25.033864028898705, 20.820720936424898, 3.7822443082753483, 30.11524439341486, 12.649639789074161, 17.520487825761982, 4.24003802475168, 4.369016337219598, 42.30919361921154, 14.095142670704709, 8.694787739794009, 17.52216286308857, 16.683716651859655, 20.797504927546893, 39.50868361294927, 50.14089905471012, 20.247004079869594, 21.753861737748093, 5.515904914146132, 14.81870479021093, 15.496180026865469, 8.95989966814559, 4.724472116970834, 1.7937852376758114, 22.540462931582233, 13.873061714106255, 7.163347794406196, 31.039545586777244, 18.476828921626346, 13.121024033173999, 23.147580554245124, 17.014741942562065, 8.152459954101692, 7.933796380016755, 25.012304990556284, 17.535771771027242, 39.06752159387374, 14.054447144605005, 7.0156562380781615, 14.830753644139211, 17.926631611229897, 13.36830492541235, 17.99066486803669, 13.11627825821297, 20.97670852462438, 32.46038193048041, 17.417838307223654, 24.33139944714453, 17.80697883100644, 16.42071940530645, 21.41819862306215, 10.015042275136008, 6.421934085244722, 17.9760953645675, 10.322266876928218, 11.636449848942464, 20.746339026306668, 24.22089472704329, 4.80583255219087, 8.378170480218953, 8.330660405930233, 15.257286588075509, 9.412500238353395, 33.344428575204475, 29.902933872049903, 8.943753004773203, 25.127946819261982, 23.10850762004851, 32.5209214395529, 10.166186496791877, 5.751081727302836, 16.806983725910037, 15.112556172971443, 22.564213043675917, 9.066309568197886, 27.04898669716327, 27.216728972624146, 33.0679733628743, 24.96524280309069, 25.358771763395616, 17.693662437343928, 13.246193364943482, 15.120331827977733, 24.261223718120124, 11.452596364469944, 11.545184824704105, 19.386006576331198, 12.80588257052679, 16.38062291423373, 12.328916617833718, 23.271217404591948, 18.84954542379721, 13.465526089060358, 18.654744700393707, 9.101605069596639, 38.587419996855566, 22.74254286874396, 33.53824588318206, 21.960109194669215, 13.106801079386372, 29.833660991253865, 11.237129971475074, 12.621728691001941, 5.160258634073787, 14.78919120077302, 19.377846474658014, 9.401001000279786, 25.43676328028316, 10.787669413187517, 19.348982811215375, 3.9085518813345983, 5.398506658521836, 29.529205860671407, 19.743189729677365, 9.604342084331424, 25.02121666411529, 18.531446732040365, 8.066557448782088, 24.992454231857867, 29.620780449724556, 6.388867547661883, 15.099024540239201, 9.366716599782555, 3.7937697408833064, 26.709755229624164, 6.744317345083576, 20.4961916154208, 38.20889779045745, 4.4159531217239945, 6.540743531148608, 18.450162441835424, 5.254324346074608, 7.838235870868697, 19.358366267196313, 21.358664552151332, 22.04359623679569, 29.135243754549627, 16.79792772079475, 6.164772438099297, 20.018810596615243, 8.552143667844188, 1.0143433923929859, 10.066564494648782, 25.527659467556067, 13.024250452312916, 9.465772133398975, 19.156923957770996, 8.335168295874777, 8.217525425847551, 14.079277132941433, 10.087637114834296, 27.54089560995098, 13.678548167976562, 15.624673024543423, 31.422682623582368, 19.288145221663424, 8.260180372954299, 7.831078829785674, 10.452350456779993, 19.114027708871156, 5.501037004595647, 11.409174754138057, 14.355717598355227, 15.250968154314144, 20.095039047821814, 9.339168326996882, 14.099553595782554, 17.75495715053082, 9.595255115790817, 19.667272373768803, 12.01583425494792, 14.10025516164006, 10.714611323485952, 10.13418497116444, 17.910623859277933, 15.842513630954556, 10.238139158618413, 10.401637302783335, 23.06240847923848, 28.332110363915554, 30.59283280053231, 16.315367956122877, 10.249669369036448, 16.18061493979957, 11.529716500919898, 12.615804737196301, 12.162533339473331, 22.97792741389034, 11.660333352657728, 17.18010605800944, 14.095270521230514, 3.101051075604179, 23.584393412372137, 10.440580805959494, 13.902096185644243, 15.54146119393335, 13.465342060569691, 13.673418318647233, 8.34653354512973, 6.704850226614851, 19.132783571659505, 6.183294123988394, 17.808782212723386, 29.050827605888806, 41.054171427011944, 9.113895295191979, 12.428605314248609, 45.21831090047787, 32.47287258404342, 14.03471125042482, 34.565745055218336, 12.37423402938269, 11.253076188646624, 14.902461267858989, 26.414814200889914, 6.750837155827433, 27.590754125939117, 17.69758477735329, 12.253919051149403, 16.947494497555383, 12.360130110081903, 2.710531688874327, 10.321203791171522, 24.538971634671864, 26.045085771184112, 14.019421623432, 17.10386842053126, 15.82959847021046, 8.685971936727178, 12.633713760670052, 14.779938065298616, 11.15712783908862, 28.146460862112672, 10.763715350597503, 36.7686843699081, 25.412455560500966, 34.32624273209169, 5.8568167722974875, 13.507854972080901, 12.18280171700166, 20.28603679242045, 20.69911987473062, 33.376078437863384, 24.484366569565957, 27.29320744704123, 25.675924720512285, 8.98776657255708, 17.843515111880485, 14.033539968300595, 22.334095869796915, 17.34486638400333, 33.27124949957493, 26.08069641777113, 27.292756818780166, 12.790259411536901, 18.550884255516316, 9.248501080041448, 31.37015380185521, 18.881393061804644, 32.75423619368799, 28.149002544647384, 16.556808368296785, 7.9200415575432235, 12.868097736979086, 24.852374137414593, 12.30516855609644, 10.932344082605896, 28.257089656043686, 6.456155969398674, 18.797509829636954, 21.625410008473516, 4.814170766255124, 8.822481624404901, 11.222595545067895, 16.956484901685982, 20.389894832347252, 11.543567762510971, 22.174629593272073, 5.9251427738707605, 9.475074298270615, 8.712205017467301, 13.894528354471438, 17.462405382603976, 9.209644891927145, 25.837808517091556, 10.734826998856976, 10.579366223679516, 24.264917670743774, 14.250895295226055, 19.82847694539852, 9.96176084384924, 17.495661503807526, 26.374784509877113, 8.029427914655576, 12.003374060226404, 9.263505456146072, 19.338060378610045, 11.392505867648756, 30.477487675660985, 27.717692789297974, 12.416457730876497, 19.346613887124278, 9.189808129710059, 5.107684546649989, 13.125722585228544, 37.041364854081756, 20.02617176956479, 17.262441272748227, 19.06152159839933, 25.27480437655373, 24.11732211416775, 11.34402197238644, 38.59184219131859, 34.44222383259329, 10.98342507223711, 18.804852133941406, 20.25310650984325, 28.109710952709445, 21.348515036596936, 18.55036519717556, 16.237605610892768, 18.058734118456435, 7.461108967047869, 29.05552603996548, 23.916805546340825, 3.300027940504687,