{"N": 4, "L": 16, "Nsamples": 1000, "Ks": [5.053789165212268, 13192.449969552423, 43.40757491993331, 28.112765217209706, 9.740944810810102, 2266.368940947152, 460.319330182902, 271.380451452308, 41.14435538955599, 30.998259776591492, 236.94883180859773, 887.2678169354176, 69.85306331050214, 547.4914721070554, 93.18289615687077, 17021.651615366496, 221.59878320007186, 189.71800319931575, 118.65438217932943, 1.9184119004706084, 3806.486202993639, 12.520863360216108, 4772.04532892335, 3.5986605519372863, 1.476229039454506, 16.67041523186497, 4.679858299737715, 59.27042503465981, 162.4814005554598, 1082.0936775143145, 1.8255796772657993, 740.4227476866498, 3.149912853750395, 370.6014723020724, 48.40391626858599, 84.58083686189413, 176.89980846679452, 290.5531396679776, 1765.237028371669, 770.7137611827725, 56.43186999819736, 2.2132204721312165, 165.85350918785122, 387.81030720363935, 1.2749498865275335, 129.355808021646, 54.225216886068566, 0.007207804585785408, 12.611672906213817, 2.4954879012487905, 3.244541287140709, 1512.021151447068, 27.167320197966486, 98.22934319617977, 462.5407697314121, 28180.531804403676, 5.7816278243180035, 240.46235555982227, 1011.1966074241393, 1.0561293635671105, 8.45978247922447, 35.703298782114274, 394.0950431872569, 66871.4759999714, 4.779350762330619, 5191.028856385621, 75.01255287645363, 400.19534152748, 298.17160655492864, 49.31173289465729, 87.26635059424814, 76.78890282933459, 2032.998308432662, 4.673209007898308, 24.876725674083858, 4.639930628888585, 589.5671772318558, 0.04929346307665232, 468.45211201352095, 4626.213662314886, 10.198906640121816, 10.741529954104037, 59665.15105928209, 1105.7537201329365, 9.60999556314996, 0.377823869034982, 230705.20664767647, 74.79061561392363, 94.69603383065629, 1004.3090426266917, 14.894045786962032, 1700.9111214224868, 0.0013498827888727895, 83.85953405110826, 877.6317309731177, 0.7056894472059428, 13.5985025529381, 4411.608504227511, 51.53141029635939, 41.458021582886005, 4.568769189435657, 87.63198403204716, 49.06978334709487, 259.95966684990094, 73.23171382621416, 97.67431587283085, 724.2585870239337, 96.08351997435274, 22.83771145328851, 346.17582926251845, 669.0023552636172, 34.145944888433064, 27.43499622893773, 15674.942012908848, 9.701162476895671, 190.33750571305427, 2325.778886217774, 13.066548246839785, 7.337720019406181, 1035.710412915548, 562.1389760317718, 37.18699078651059, 5.674272344218713, 79.04912112125719, 641.5976924881193, 13.39807880092116, 266.02319761510194, 14.168110775776976, 39.2173593169234, 30689330.136583768, 26.897914298474117, 199.4413023014094, 170.3084963673038, 10.691631383797771, 0.5692920358313687, 60.04591217025716, 0.761970456167239, 27.08130311674795, 7.638280452127112, 0.4882857572524282, 75.76310210185336, 28.084926534483706, 52.40996341308898, 414.87848241548573, 1.8149046448103536, 115.82462453710927, 688.775727522128, 16.131717805503655, 266.482743022993, 1.2619652060217241, 170.68977277167656, 319.4860154825896, 0.06357225689697327, 559.5401480028225, 9.941270857597015, 1.6075740635646663, 121.21390034457504, 149.96984529503837, 50.83888887207143, 114.64781334684302, 2.5679046257931017, 6255.067642600765, 27.049778474939554, 81.81757919853976, 12.094786178734035, 0.901264738313752, 32.69750522868251, 0.5668557951326323, 108.0283407798308, 114.05338931605978, 5.726059955425844, 213.83787915037533, 32.73728502785983, 105.30262494445606, 225706.0103704027, 4.03842923123654, 14.367525239766623, 123.05627158127066, 0.014949026527215564, 1585.1452803082666, 3.407219226100157, 17.428574457082604, 28.160635302772732, 9.935254756489774, 313.1777985905437, 1712.4149774973507, 1340.255727130427, 83.59950852745199, 0.28935616796067887, 8.26674291752865, 62.11645289112046, 1059.6138505293293, 3.509158357343134, 115.8266895315912, 65.41447247145489, 37.8650597031472, 16.37149736784094, 433.75745686988495, 18.263538660609957, 201.5061116401976, 1062.1521488035596, 12.596722711728015, 9.99183294331618, 8.380738602648288, 2095.1586349002228, 16.36395829833894, 14.863691955244667, 128.86087941339153, 33.45948509374953, 43.6957462993751, 11.10080290772612, 9.579940998603208, 258.69327349235067, 12.626294178757172, 151.1498277935719, 477.5655203645053, 153.0672729659691, 23.57036300249294, 249.84919516228513, 156.03992904350784, 20.68523909193219, 4736.520129303641, 287.34343257867937, 1.9560332363870778, 2.17624803350258, 11.88342857231842, 147.11128784915118, 330.4962830290934, 22.743990993630764, 112.32510133124809, 7.587088140305596, 13.26706858851333, 19.69753268672125, 7125.431641969544, 2.2680140000530695, 15.567733288757065, 19.07027998547275, 0.443193164233764, 0.5149802466589254, 1227.2297404307722, 217.06970409956043, 6.732681577433745, 248.9322144278382, 1.937287235982828, 30.41603191796754, 460.3599663040235, 3.5451938606586575, 11.630041710538084, 14480.136202182797, 34.0559745193873, 5.373512810974858, 42.33287768226979, 2.3566118691403544, 13.179937631503256, 839.2091460858302, 0.006882900278638235, 178.3671648437934, 1977.6603197656807, 40.48687812131325, 11.537547890207183, 0.3802018581402879, 0.6763421449815272, 3754.372640181863, 426.48099014026, 450108.34873530734, 411.21064428504525, 13.675188780681468, 45.01176878460356, 14.425048445182126, 173.87813623962623, 281.2770208880602, 165713.57245486908, 202.46592089198066, 10.3105753023016, 10.979148274391244, 6.2948084619908675, 59.25510800296817, 446.31572651805857, 8.836559158294818, 40276.42552558949, 183.95736457483792, 985.9382741040139, 8.175549749288276, 1.6058495947619502, 338.8966102903354, 354.89307608002633, 107131.37547684333, 17.10288019320098, 0.5176796577362011, 2.6748059119241385, 12.316711701560394, 0.014969338869288898, 2.3723044658387407, 49.53315806598687, 56.88727605490124, 24.984586839412188, 223.87290339719107, 2517.4714759647472, 27.136298617980525, 563.1948021948988, 392.94630729186156, 14.558060357813538, 94.32443801115804, 25068.408693592297, 42.545261950066966, 1124.4080451694372, 198.99886336146236, 2.7506815582383854, 4.210404158646566, 0.017190265739005315, 66.28878728806181, 182.9080181923391, 14.905491826310946, 97.77732489369329, 467.5646721801649, 125.41984784506761, 343.14949938260304, 472.1840465632411, 735.4953879795436, 797.8538009825726, 256.9827162550063, 0.049591783505524095, 287.5482252340277, 768.2192191490816, 4.606110988831616, 4.092656060796705, 671.4831133336588, 52.70886771723464, 31.493376024085155, 17.070557103088095, 1.9667847882616072, 2621.0224797555475, 2.9912304774908858, 18.73313206885341, 1.3432873608332605, 77.8550433581787, 70.12314468527383, 48.17996561309817, 5.503776885907491, 4.253774620227671, 1.9113993306000974, 5.785124392537594, 17308.30402646227, 35.215309339147225, 97.32146012326803, 163.3636959502502, 8.153044792862211, 4.880265591497225, 29775.358448768788, 191.92123751004132, 227235.64150345014, 10.33692339192344, 839.8863265136051, 100.71127098851332, 0.47986753011613087, 85.54935902979021, 1.8111101108263488, 54.0990124379283, 16.1193363183812, 303.0774541196034, 5.060234296187257, 7.59015641135615, 448.67305707587855, 118.14112535056341, 2.5081390695101775, 95.5857494706951, 253.07159001137558, 1227.3648215518754, 20.50060915264171, 454.141057327068, 513.8780862101667, 1.752034633341745, 58584.73413353262, 55.60980954286025, 92.81669340063819, 544.7588815932216, 10098.081234971249, 8.93852070629937, 19.40931602291601, 4097.342685498511, 186008.52846532743, 1849.0069269160572, 1031.1771865676624, 125.14601294577257, 954.1790233021624, 332.2230728248088, 0.6739335436003351, 15484.937678502958, 2004.5478343709776, 288.97311079818667, 458.74260003211134, 823.5195070458738, 30.834882428730094, 165.2416480856138, 10.218914933176771, 4.850516984196886, 388.898985589157, 331.07712028893104, 12.115972079635428, 0.21705323021940987, 0.033772390500672565, 3.988668086825357, 17368.65373341513, 8.982420268667761, 7.321166624235397, 98.45492691612608, 254.09349726729647, 36.53610301503797, 699.4732154591856, 