{"N": 4, "L": 16, "Nsamples": 1000, "Ks": [10.295828610623303, 1612.143932906212, 252.03085074902987, 14.269225774003074, 49.51394936109441, 483.6011028289196, 359.45598396241974, 1740.0502796809903, 8.673082569329198, 25.14912878203161, 3.6516843331224846, 230.6571101850672, 0.3484843835440242, 83.93293709609785, 135.00372669052337, 299.869055787204, 441.20797959006836, 1531.9014773208448, 37572.12237728013, 214.68245286286205, 27.885813134316464, 415.33993708705174, 1892.9010012671217, 26349.487433592556, 71395.66604849395, 11.911009188910064, 389.4961788371513, 3167.7387078622814, 37.49818199722354, 192.66997392788372, 3420.8988186662723, 70.7997925757518, 44.74575979213173, 16149.526214404377, 1634.8893766335877, 131.5018309721123]}