{"N": 4, "L": 16, "Nsamples": 1000, "Ks": [247.39347317697045, 352.65611459271855, 196.77738978354589, 2091.6170337850904, 100.64933262140073, 17.746813231574322, 129.0631432730787, 19.595367835206826, 4978.507038509122, 17498.83107035188, 9.510490025355812, 156761.0471690307, 3493.671436107371, 695.8266027112657, 26.785028838795046, 10575.093547782224, 278.5135961113408, 6.476673230039117, 774.4076971859183, 15139.703913547737, 791.8959468897467, 83.76539767333365, 52.46067393745886, 41.360330939052616, 323.94594029550626, 38.199083487203566, 8435.17619316525, 29.00437838455271, 185.47230767093055, 136.6126206341254, 959.0505173153133, 163.26064558258568, 1236.0571515256772, 143.1172841708093, 154.2224720552447, 17.563531469438228, 563.6963058517472, 255.65687052272997, 6.7802943078874565, 460.8412879737327, 20.3659524935443, 6095.39173912569, 1293.4018923624478, 53.49465868716859, 3164.02762230298, 5.914746236484844, 37.340517465795806, 351.02481810073164, 510.7849086930043, 151.04116771016956, 2351.3284945118244, 3.383566841110899, 8343.050010663985, 715.469240081266, 12.212529884877334, 102.85457296990974, 45.21343235096366, 3217.583769527472, 20.878589685245295, 17.713226248124272, 157.6840009823124, 12.263731158791979, 1202.9663862324112, 370.2122533106944, 70.08326809491116, 2035.4569141919262, 364.26425426818065, 299.84364581646815, 1707.3377717200588, 396.6199566700375, 63.135244292401495, 135.85252666833046, 10911.903702632306, 676.4029056692772, 1036.9800133239958, 1667.1186359395206, 223.6155921944943, 41.25058569062134, 48362.26844573202, 487.5132097637953, 88.58023912862697, 4197.60974815989, 2910.984620364814, 355.63983250436274, 42.05036895836207, 211.34596186334232, 5801.614818364366, 60.02671672322338, 4800.495775288193, 133.65319419758922, 303.1024364484662, 100.11604874440768, 75.55644192998884, 118742.0152533103, 7.835548656973227, 48321.79011075551, 40.2803293768153, 346.9319779866245, 277.53884235072763, 8038.722335599511, 307.7573097402456, 434.62454655656995, 34.65671630782822, 147.47031871796187, 141.71058081355338, 318.1125099196854, 16.999674028318992, 307.7360573580638, 669.0501490998857, 15.746946109320723, 11.30086320596912, 441.87736145763415, 504620.77735280263, 69.61378762115325, 2179.633611662827, 10.187375758360641, 19.52037334954646, 97.93714461698693, 362.2198222071764, 356.6985462159797, 6.510028931826749, 180.79549206304566, 113.75728614444, 557.1466016554268, 113.35091053157927, 308.1840704801085, 307.46339820112314, 2108.529950091773, 20925.248501139853, 2.072432065101087, 198.15002978812458, 59.75568531621417, 7.2585768630065735, 1298.382039476828, 47.693795515530255, 2091.7272463608538, 137.73749028501982, 72.09237988325455, 983.969621407084, 704.3892833636756, 10830.826078178437, 0.7591144064521248, 8.489586591616153, 7.425140021618548, 75.97900359331481, 6009.988899181773, 27.908860580361793, 6082.608067023431, 80.63858049400906, 40.5921774433035, 9.221639086472539, 148.05387804913013, 233.10844788915873, 141.50519086453517, 59.37664268252702, 218.30348701311374, 32449.215319457013, 131.9521225204681, 54.51324190259954, 195.9326107148148, 3877.5624450901005, 66.86837463117293, 41.7387225084928, 8.429442184766998, 510.00435424956123, 87.83717319781073, 52.776793339338795, 138.56367800379138, 152.91529189844422, 453.7335767180699, 115.22065773338907, 75.53415035172833, 5229.622960175594, 73.15027403975516, 568.6777227809808, 6375.898431505762, 3.0729010600621582, 462.6959320931687, 10214.189668080135, 548.5887893387159, 5210.2741830818695, 3324.057940747186, 10.05648300809004, 5.855743932170525, 204906.1642367004, 6582.779342280604, 11844.415767431605, 399.68729472095106, 63.669263841476905, 104.56063996586789, 548.5677576415804, 79.71435656858841, 17.939199222354354, 42.34681312147601, 5003.214017559309, 984.7166690186576, 1.0119815851096803, 198.38372645291145, 22.69927115227877, 407.66630816091606, 17.99383438587784, 351.31567288198903, 861.6203693446564, 1067.9750225847015, 1266.3097912395654, 327.7715873650426, 185.67714935472276, 1150.759781953927, 312.46798798885686, 310.1523690477575, 226.14952110481835, 194.770745064143, 264.07788011434604, 135.61529060238496, 339.6150581561602, 4166.486355696121, 138.0597695457949, 11.776614738565213, 40774.777084386704, 0.28499920508735177, 57.12045288807074, 418.17178506920413, 742.1329179571953, 44.91462956362513, 52.6281551870882, 62.63602392625365, 132.9883895113267, 32.2084466559828, 321.457103791751, 143.60133479252585, 269.42418924841513, 41.281848082871164, 141.66348632895492, 65.64613245114411, 90.84920067246198, 129.29710094229443, 57.46903378161631, 463.44257054790745, 4178.888482265064, 3279.9729463578224, 2255.8223219847578, 5425.392373369451, 150.44267266456913, 150.53733303172905, 24.790962406979183, 3.4070463120303662, 158.81630609467345, 1187.5316623221624, 36.88911227192827, 11.768888244277965, 4797.287125536116, 2497.914156165836, 23.422068509930057, 671.6389369071003, 169185.20482466213, 12.100774114473056, 295.13329016156035, 8408.391443435472, 102.09575677212786, 50407.3017755982, 256.2633577798372, 34.55052738894938, 1645.380160163443, 33.953040063724295, 207.3530686701803, 38.841079194218906, 119.34248739100781, 1344.6526255629476, 14.861689511647313, 125.25001972735103, 3205.483415114263, 176.95327938728383, 1266.0585505724875, 892.3288015985205, 345.7216687479515, 38.18419136810059, 13877.173188245302, 270.21613063308223, 292.4210328096439, 35.211099905120584, 933.8053850663907, 857.9017294884252, 43.64334712832178, 79.45689094043252, 32.37975314483089, 674.6360697695269, 307.0154192734441, 66.35586733246463, 19.696855749794615, 65.57053317448178, 3613.533211381299, 110.52226436781542, 27.12340722842557, 1221.6913307152588, 100.27670765934216, 116.80825679909127, 2826.1966848585844, 271.0064017185962, 51.86682219083989, 48.55836114705105, 305.2213810079938, 12403.794016376767, 306.68701284026594, 89.2375248305337, 115.37500511959314, 1057.6902989770488, 156.4497440623178, 3920.6485891793673, 105.86520513608251, 3060.021467548181, 454929.8783689987, 4197.4907782654045, 50.88141373442875, 144.5784749948487, 86.08488222088927, 13.710744206858228, 16.751918200085875, 489.49612194071665, 631.483588968674, 27.917727574861942, 149.47132402867345, 10.843792956010848, 1418.2921705760118, 81.88231428685796, 14.325500731990116, 87.47004498702667, 31.76586811129203, 350.52212885238436, 396.68847734251494, 36.83968815250458, 64716.472740472906, 4466.7880725748655, 71.0641906643082, 56.521884066407836, 3.127621410116435, 166.14004397153732, 4602.930990112339, 1373.288599322179, 18.70053270948073, 42682.49993040388, 10545.08659688731, 44.27212850171874, 516.6633743549286, 2561.5650043262567, 1104.3295437454833, 61.74279093335164, 30.910566798802925, 22.93776425916519, 73.6635589793989, 105.79326879842566, 71.56643423904823, 189.18699704892018, 7.177820821152166, 76.45498460225106, 427.07875762773676, 6.018548949621643, 28503.242237515125, 143.27698942378555, 2500.300298681791, 30560.400446864405, 205.08916301190567, 83.67603195411745, 53.09156706643976, 519.0941838501794, 1928.080315143328, 203.06839770761502, 90.33148273780526, 389.1502923638382, 3718.397233844229, 2832.2784362761427, 986.7181231564641, 445.4234981046253, 407.5054269607494, 38.55106683170169, 181.30290047196718, 93.10073780271887, 88.38472730333855, 8186.232672393743, 9512.958958775942, 19.820684817887493, 1986.0564994722486, 6886.8082591592765, 6.775728924001833, 104333.10570507005, 82.18011001048373, 125.91577614400778, 4.8078287257416035, 2368.813549387496, 273.9572150619293, 29.942970514019486, 723.6163066751809, 1104.9496100450813, 17900.225483962065, 145.65820401422826, 488.31579359113385, 16659.447951477592, 6.425605717274397, 15.796145835116764, 796.2834142841562, 454320.9573084046, 3.405961442096214, 2085.25911882638, 731.048375720295, 120.27277263317995, 2086.882552154164, 79.05583329759311, 37.33483363708155, 10.639610222760831, 74.81965493851426, 209.88387871031463, 