{"N": 4, "L": 16, "Nsamples": 1000, "Ntrials": 1, "Ks": [[505.71265659737895, 0.6871045737500276, 59.51576672864043, 0.04549778206633185, 1426.6558549098436, 98.08583506684506, 5.259168176306903, 6386.480297562908, 748.9921465404702, 524.0601228899928, 369.34980969355644, 34.248470027380506, 215.63549941248806, 33.06424828979278, 647.7135282818364, 34.576051140349, 441.52588522309696, 978.9157262675013, 4223.112476190601, 156.84036753695824, 10898.667466148518, 124.84726412564636, 8398.212229162802, 391.1565525370479, 42.5192931038891, 97.67004419522894, 17.715212939871588, 46.80259585821278, 67.79005130574055, 524.582228655781, 86.6861042822603, 112532.58358499079, 17483.437588592824, 2313.504951377129, 83.07253074714936, 12058.7226561513, 283.83502793984763, 986.5189819207123, 1832.10729467719, 300.03104666525667, 21.15432457663459, 40.330326280527736, 5.803364523826536, 41.64269297363856, 127.11800612292978, 16019.373903395961, 23801.380655672776, 186.63669786130347, 569.0782649517403, 105.5297713620426, 17.433284370518315, 437.4929805466188, 25.029432896356184, 49.80408079648251, 586.8480683344961, 57.50549460369138, 186.5886077914073, 171.90902184645168, 760.6043153832296, 84.644745408086, 221.76857631610685, 231.48680328932528, 999.9399835114224, 15.760013730301413, 50.64694542672492, 0.5889975971235833, 225.78021947367807, 22.5146882012192, 64.1054149453301, 1.6762088387871668, 202.7949346356649, 605.5073126536813, 1064.9625303760681, 207.57750113041203, 73.68371697552786, 14.406732704681431, 77.55146444722271, 6.535245698794139, 104585.21335650544, 8.516191787631227, 390.0644129440916, 562.1614433252831, 12.544825870691714, 59.204681660478535, 1.8614085874737278, 53.047441053458186, 3953.2866617967466, 98.65075229791819, 227.62724558367952, 234.56767797818011, 584.2878711143691, 1674.3534948297602, 160.07069956526715, 268.8199894549318, 63.27033743720595, 5.33270752912015, 325.6311284266254, 27.144913612944382, 196.93412016093532, 1591.0735601823897, 174.8849732834272, 110840.52287775076, 905.5534766526895, 21.44998825277807, 6.679409077687997, 156.28634672645347, 25138.031826787577, 924973.2631084423, 43.106775712160996, 37.290920506025735, 312.46198737164565, 50.38298768263977, 1.6293072069411378, 30.00834128030124, 116.11487114642865, 7.325793049722375, 17.981636922020925, 50.154780798751254, 39.31095147075936, 23.077065764454186, 27.046589589708756, 18407.919467886197, 29.342569525715515, 3147.0590858738283, 878.3707007568445, 68.43619187389315, 2215.1590053126843, 678.2782888590557, 107.3729657528792, 47.77526275554397, 38336.205018315326, 48.954798558648314, 912.0464423039815, 77.59510848088648, 17.10418524400822, 11593.18770926183, 60.151850080486504, 333.4787220355186, 1.6516805760518631, 326.76436715231523, 184.86976715598354, 3107.6423268420194, 368.35487050491867, 2159.759098723046, 50.02283611122579, 66.06944354039155, 43874.116303124305, 93.60628445334032, 557.1267489834203, 6.845907590058436, 1153.6270142180285, 4253.528222375937, 4.334956837579352, 203.82129011663312, 0.11700220379522136, 19.546349490384635, 102.28270033284335, 3202.1532591269406, 1286.8941988294982, 40.94334729211507, 103.57632379958362, 49.372004707271444, 14799.990887301352, 1014.6577572778492, 39655.488195673046, 821.2133625488137, 10.440321257539951, 188.87794010333508, 5.11071043484332, 48.58109382128231, 37.460151716749436, 362.4309766012776, 53.72260922732063, 116.37547918288897, 109.3656873965771, 33.98358094847443, 12.33009770501365, 95.22796123436717, 750.0497864779768, 112.57884824730158, 2225.6896605953384, 226.90600327522054, 244.6524026834143, 790.0577734625987, 10.164666420059014, 179.20699092124312, 3.329004548829042, 339.51788766657745, 597.7701794335983, 4095.3352518273855, 90.64621341524415, 45.50844632145986, 9.170959631253538, 1126.8592612057168, 111.02288108238486, 60.13670498806089, 103.88287732758496, 1550.8216772845417, 50.33679051817447, 3738.445275855293, 49.17898395925622, 333.56075515589333, 13060.390416333346, 11303.312380542236, 287.3065468113689, 619.4227454301329, 227.93030046686548, 6.835686181246147, 103.5815465833444, 194.67181466601323, 806.2947347358609, 24.0368275253022, 33.50414187412627, 2040.1458816954141, 10712.63113937134, 24.48449021659396, 4.581420307327673, 985.7354842098237, 762.6660171869044, 9.994920028778937, 50.700388691011, 47.40917966434832, 4379.330775596365, 575.1211023180471, 289.36747820586567, 175.46784437937242, 3471.651567528982, 1179.4984443214578, 1485.708648512921, 38.27124408257326, 2088.2384575727883, 46.53466514205633, 199587.39703187865, 55452.62007355687, 205.54825150611208, 127.09015761036005, 87.40238604067947, 269.99165630340536, 455.4110088269746, 3.7848442522283032, 93.98988054971194, 2.1617657985451, 8.14211354806621, 126.20913915792623, 227.65703362053142, 1289.6855987694348, 37.81571661139432, 96.72412023534912, 3286889.2573836446, 307.382731767447, 1215.461482280415, 17.853057440544084, 110.87431956716654, 110.00919306495109, 1.8359189331211685, 44.494416232146726, 82.14458414143854, 229.17886401936065, 175.17496083726553, 395.46878872987423, 15.090496580650667, 25.873266330691237, 10.857445496170131, 5.768967558082403, 294.20016620007686, 16.841862096237527, 108.72216363851315, 330.4962531502743, 8.803421504781323, 109.99456675697625, 18.988666433865344, 20225.34550190956, 8193.739578109535, 59.954884151797415, 81.1707420353933, 8903.995826833396, 33.61045192381863, 32843.2865711963, 253.06301065302895, 33.79231535570926, 867.6783394592361, 2389160.09162258, 709.762995394098, 15.40184828124271, 52.837187463902325, 40.502622563873636, 1443.8920351847214, 91.08200900679215, 26.414571412052915, 33.98680455491713, 190.64393538473232, 133.5158318131256, 5.814121488521757, 239.60991580777122, 84.16003997855361, 255.9502007358916, 13.64948415864673, 24.527933439636303, 22.195517371370848, 148.9599021459704, 13.656452246867378, 2242.8346372041237, 5.894499132228521, 54.26968354228556, 26.582826471081454, 30.669531519289016, 269.237770044248, 530.5930771125725, 368.7508600381835, 540.5781244916018, 44557.018260134726, 124.04798258840403, 132.1567541311103, 207.50092719081857, 231.90195863664312, 71.64127030596421, 3382.133810017275, 96.65588726500654, 474.70387305989595, 8.49218148943861, 32.52173616155503, 140.73267388220478, 329536.54346896143, 56.90714057332393, 0.43561520777477397, 39.90662108960547, 123.21415848176582, 124.37803518688733, 91.66608013941799, 7.487239381487915, 14.739220329969601, 3.7954803359747817, 47.725681410187335, 13.51491840592507, 16.570601074192314, 18.667774930959357, 543.870287260457, 23.965178528207822, 0.19896742855474775, 1.1815481155611103, 13385.999013234685, 0.06203862437104744, 19.60448734048056, 42.52906513461816, 177.89305015039724, 126.83766161845503, 774.6414494342305, 3960.5781612278533, 31.356310367566895, 21.649507403743286, 38.690942692179334, 13.272821058390909, 8.918442566002682, 4.739454809241747, 44572.706721090864, 172.72647428341523, 34.67221734166696, 155.6256638262372, 16975.758976020003, 722.4171583026176, 11939.777591188475, 488.33268746504143, 184.11613329364394, 138.13786114513593, 609.5765377654141, 12613.118823399465, 902.0064275757497, 19903.478312556865, 16189.078734730621, 1866.4519248689987, 38.2420165305347, 3254.7531741325697, 264.7370835453155, 46.98214895710281, 893.5985339978258, 120.00962875358803, 17.907571973735617, 104.77259391550525, 81.9163861485054, 1547.2259943719296, 104.89892290553978, 180.35390738902606, 54.54779464675154, 42.184802479206546, 52.728953326476514, 11.451151724511837, 425.9821581974324, 3.613237545403876, 14.223383708425763, 244.24852932874296, 11.90848823495882, 35.418592321131854, 66.39794532404436, 22.941265116037393, 21.695784668496174, 1265.4243079129346, 16393.144196318855, 992.2150226156489, 51.67849329849057, 16.028589700622746, 263.555135786138, 90.05602625198941, 6144.4710817673595, 25.813333082245045, 442.6838928232423, 507.7462412545477, 4.327745964192816, 390.9077693458779, 